{
  "schema_version": "1.3",
  "aiperf_version": "0.9.0",
  "benchmark_id": "bd06c0d3e14b",
  "request_throughput": {
    "unit": "requests/sec",
    "avg": 0.08937418353601159
  },
  "request_latency": {
    "unit": "ms",
    "avg": 910.7332910199999,
    "p1": 88.75511706999998,
    "p5": 172.93157349999998,
    "p10": 268.76381860000004,
    "p25": 404.420934,
    "p50": 429.1732085,
    "p75": 452.36318324999996,
    "p90": 740.8861073999999,
    "p95": 758.33910335,
    "p99": 12248.762085509956,
    "min": 64.355154,
    "max": 23139.187016,
    "std": 3179.966621942181,
    "count": 50,
    "sum": 45536.664550999994
  },
  "request_count": {
    "unit": "requests",
    "avg": 50.0
  },
  "time_to_first_token": {
    "unit": "ms",
    "avg": 539.36900822,
    "p1": 24.051495629999998,
    "p5": 44.53249525,
    "p10": 123.8613383,
    "p25": 340.61378525,
    "p50": 348.30121449999996,
    "p75": 358.512432,
    "p90": 374.35006699999997,
    "p95": 473.8479082999997,
    "p99": 5924.400902389979,
    "min": 21.608459999999997,
    "max": 11113.493792,
    "std": 1514.2104296519376,
    "count": 50,
    "sum": 26968.450410999998
  },
  "time_to_second_token": {
    "unit": "ms",
    "avg": 2.46746754,
    "p1": 0.8775974299999999,
    "p5": 1.02158805,
    "p10": 1.0425691,
    "p25": 1.10375725,
    "p50": 1.2078815,
    "p75": 1.30191475,
    "p90": 3.5727276,
    "p95": 3.8520468499999994,
    "p99": 27.448682359999907,
    "min": 0.786748,
    "max": 49.535303,
    "std": 6.7804538667526595,
    "count": 50,
    "sum": 123.37337699999999
  },
  "inter_token_latency": {
    "unit": "ms",
    "avg": 9.345413294738995,
    "p1": 5.303672912142857,
    "p5": 5.489820257142856,
    "p10": 5.825342035897435,
    "p25": 9.563277564285714,
    "p50": 9.818190541666667,
    "p75": 10.006118749999999,
    "p90": 10.17306937948718,
    "p95": 10.231897087179487,
    "p99": 11.086603848131865,
    "min": 5.240694857142857,
    "max": 11.765362714285715,
    "std": 1.462102253405641,
    "count": 50,
    "sum": 467.27066473694964
  },
  "output_token_throughput": {
    "unit": "tokens/sec",
    "avg": 3.485593157904452
  },
  "output_token_throughput_per_user": {
    "unit": "tokens/sec/user",
    "avg": 111.06125084888441,
    "p1": 90.5531064447436,
    "p5": 97.73543815765849,
    "p10": 98.29874994426876,
    "p25": 99.93886266287448,
    "p50": 101.85181309272286,
    "p75": 104.56716581012464,
    "p90": 171.6637476551825,
    "p95": 182.22233068848476,
    "p99": 188.5762421801945,
    "min": 84.99525465422175,
    "max": 190.81439146128494,
    "std": 26.157639495913724,
    "count": 50,
    "sum": 5553.0625424442205
  },
  "output_sequence_length": {
    "unit": "tokens",
    "avg": 39.0,
    "p1": 6.0,
    "p5": 6.0,
    "p10": 7.0,
    "p25": 7.0,
    "p50": 9.0,
    "p75": 13.0,
    "p90": 40.0,
    "p95": 40.0,
    "p99": 631.0899999999976,
    "min": 6.0,
    "max": 1199.0,
    "std": 166.2210576310956,
    "count": 50,
    "sum": 1950.0
  },
  "input_sequence_length": {
    "unit": "tokens",
    "avg": 47242.1,
    "p1": 61.03,
    "p5": 154.15,
    "p10": 3217.3,
    "p25": 53309.75,
    "p50": 54522.0,
    "p75": 55673.5,
    "p90": 56045.5,
    "p95": 56157.3,
    "p99": 56280.97,
    "min": 38.0,
    "max": 56304.0,
    "std": 18517.171545622186,
    "count": 50,
    "sum": 2362105.0
  },
  "output_token_count": {
    "unit": "tokens",
    "avg": 39.0,
    "p1": 6.0,
    "p5": 6.0,
    "p10": 7.0,
    "p25": 7.0,
    "p50": 9.0,
    "p75": 13.0,
    "p90": 40.0,
    "p95": 40.0,
    "p99": 631.0899999999976,
    "min": 6.0,
    "max": 1199.0,
    "std": 166.2210576310956,
    "count": 50,
    "sum": 1950.0
  },
  "inter_chunk_latency": {
    "unit": "ms",
    "avg": 9.829652800423505,
    "p1": 1.16632623,
    "p5": 5.638387575,
    "p10": 9.593279822222222,
    "p25": 10.024948666666667,
    "p50": 10.04182465,
    "p75": 10.140060486111112,
    "p90": 10.2952564,
    "p95": 10.420946616666667,
    "p99": 16.90311818,
    "min": 0.786748,
    "max": 49.535303,
    "std": 2.432137820158176,
    "count": 1889,
    "sum": 18568.21414
  },
  "total_output_tokens": {
    "unit": "tokens",
    "avg": 1950.0
  },
  "benchmark_duration": {
    "unit": "sec",
    "avg": 559.445670123
  },
  "total_isl": {
    "unit": "tokens",
    "avg": 2362105.0
  },
  "total_osl": {
    "unit": "tokens",
    "avg": 1950.0
  },
  "telemetry_data": {
    "summary": {
      "endpoints_configured": [],
      "endpoints_successful": [],
      "start_time": "2026-06-04T14:11:46.089077",
      "end_time": "2026-06-04T14:21:07.550037"
    },
    "endpoints": {},
    "error_summary": []
  },
  "input_config": {
    "models": {
      "items": [
        {
          "name": "/model"
        }
      ]
    },
    "endpoint": {
      "urls": [
        "http://127.0.0.1:8000"
      ],
      "type": "chat",
      "streaming": true
    },
    "datasets": [
      {
        "name": "main",
        "type": "file",
        "path": "/tmp/trace_50_no_hints.jsonl",
        "format": "mooncake_trace"
      }
    ],
    "phases": [
      {
        "name": "profiling",
        "type": "fixed_schedule",
        "requests": 50,
        "auto_offset": true
      }
    ],
    "artifacts": {
      "dir": "/root/davilu/dynamo-bench/osl_AB_no_hints",
      "records": [
        "jsonl"
      ],
      "auto_plot": false,
      "plot_required": false
    },
    "tokenizer": {
      "name": "Qwen/Qwen3-VL-8B-Instruct"
    },
    "gpu_telemetry": {
      "enabled": true
    },
    "server_metrics": {
      "enabled": true,
      "urls": [],
      "formats": [
        "json",
        "csv"
      ]
    },
    "otel": {},
    "mlflow": {},
    "runtime": {
      "ui": "none"
    }
  },
  "run_info": {
    "benchmark_id": "bd06c0d3e14b",
    "trial": 0,
    "cli_command": "aiperf profile --model '/model' --tokenizer '<redacted>' --endpoint-type 'chat' --streaming --url 'http://127.0.0.1:8000' --input-file '/tmp/trace_50_no_hints.jsonl' --custom-dataset-type 'mooncake_trace' --fixed-schedule --fixed-schedule-auto-offset --artifact-dir '/root/davilu/dynamo-bench/osl_AB_no_hints'"
  },
  "was_cancelled": false,
  "error_summary": [],
  "start_time": "2026-06-04T14:11:46.089077",
  "end_time": "2026-06-04T14:21:05.543431",
  "http_req_sending": {
    "unit": "ms",
    "avg": 0.23974117999999997,
    "p1": 0.17745881,
    "p5": 0.18762354999999997,
    "p10": 0.195243,
    "p25": 0.20359025,
    "p50": 0.20915499999999998,
    "p75": 0.21317024999999998,
    "p90": 0.2201722,
    "p95": 0.2304434,
    "p99": 1.037486199999997,
    "min": 0.17022199999999998,
    "max": 1.801945,
    "std": 0.22347277692029427,
    "count": 50,
    "sum": 11.987058999999999
  },
  "http_req_blocked": {
    "unit": "ms",
    "avg": 0.0,
    "p1": 0.0,
    "p5": 0.0,
    "p10": 0.0,
    "p25": 0.0,
    "p50": 0.0,
    "p75": 0.0,
    "p90": 0.0,
    "p95": 0.0,
    "p99": 0.0,
    "min": 0.0,
    "max": 0.0,
    "std": 0.0,
    "count": 50,
    "sum": 0.0
  },
  "http_req_chunks_received": {
    "unit": "count",
    "avg": 40.02,
    "p1": 7.0,
    "p5": 7.45,
    "p10": 8.0,
    "p25": 8.0,
    "p50": 10.0,
    "p75": 14.0,
    "p90": 41.0,
    "p95": 41.0,
    "p99": 632.5999999999976,
    "min": 7.0,
    "max": 1201.0,
    "std": 166.3566638280535,
    "count": 50,
    "sum": 2001.0
  },
  "time_to_first_output_token": {
    "unit": "ms",
    "avg": 539.36900822,
    "p1": 24.051495629999998,
    "p5": 44.53249525,
    "p10": 123.8613383,
    "p25": 340.61378525,
    "p50": 348.30121449999996,
    "p75": 358.512432,
    "p90": 374.35006699999997,
    "p95": 473.8479082999997,
    "p99": 5924.400902389979,
    "min": 21.608459999999997,
    "max": 11113.493792,
    "std": 1514.2104296519376,
    "count": 50,
    "sum": 26968.450410999998
  },
  "http_req_duration": {
    "unit": "ms",
    "avg": 915.5190275599999,
    "p1": 89.03678959999999,
    "p5": 172.95690725,
    "p10": 269.0617473,
    "p25": 410.46022,