{
  "schema_version": "1.3",
  "aiperf_version": "0.9.0",
  "benchmark_id": "07ccd733ff01",
  "request_throughput": {
    "unit": "requests/sec",
    "avg": 0.08614804729267891
  },
  "request_latency": {
    "unit": "ms",
    "avg": 1328.9183120799999,
    "p1": 89.45053084,
    "p5": 196.2843982,
    "p10": 385.4568191,
    "p25": 417.63234624999996,
    "p50": 432.280013,
    "p75": 467.00846275,
    "p90": 762.9784169999999,
    "p95": 859.6507089999996,
    "p99": 22247.488369519957,
    "min": 68.909527,
    "max": 32559.883453,
    "std": 4724.806856411816,
    "count": 50,
    "sum": 66445.915604
  },
  "request_count": {
    "unit": "requests",
    "avg": 50.0
  },
  "time_to_first_token": {
    "unit": "ms",
    "avg": 772.8040316,
    "p1": 23.19806669,
    "p5": 42.55798525,
    "p10": 316.7434681000001,
    "p25": 349.19283525,
    "p50": 357.9519865,
    "p75": 371.7272785,
    "p90": 390.5319837,
    "p95": 527.2327028499999,
    "p99": 11264.719537219999,
    "min": 20.92428,
    "max": 11436.01953,
    "std": 2143.6568851205825,
    "count": 50,
    "sum": 38640.20158
  },
  "time_to_second_token": {
    "unit": "ms",
    "avg": 2.4472411,
    "p1": 1.03694192,
    "p5": 1.1349383999999998,
    "p10": 1.15278,
    "p25": 1.2071414999999999,
    "p50": 1.243369,
    "p75": 1.34276,
    "p90": 3.8654962000000004,
    "p95": 4.2928507499999995,
    "p99": 25.379527739999915,
    "min": 0.980931,
    "max": 45.582166,
    "std": 6.2263034452828725,
    "count": 50,
    "sum": 122.362055
  },
  "inter_token_latency": {
    "unit": "ms",
    "avg": 9.358606263191328,
    "p1": 5.312807839642857,
    "p5": 5.505592625274725,
    "p10": 5.818380481410256,
    "p25": 9.577432814285714,
    "p50": 9.82199325,
    "p75": 10.028639056249999,
    "p90": 10.105203782051282,
    "p95": 10.21077707179487,
    "p99": 10.751486278021975,
    "min": 5.211636857142857,
    "max": 11.165667285714285,
    "std": 1.442450561857683,
    "count": 50,
    "sum": 467.9303131595664
  },
  "output_token_throughput": {
    "unit": "tokens/sec",
    "avg": 4.943174953653916
  },
  "output_token_throughput_per_user": {
    "unit": "tokens/sec/user",
    "avg": 110.86869486804511,
    "p1": 93.1545098688968,
    "p5": 97.93575032228043,
    "p10": 98.95911460992261,
    "p25": 99.71447044646838,
    "p50": 101.81238728495032,
    "p75": 104.41374009958896,
    "p90": 171.87904338872775,
    "p95": 181.66316356779342,
    "p99": 188.29540057955472,
    "min": 89.56025416227763,
    "max": 191.87829609222302,
    "std": 26.173966171556625,
    "count": 50,
    "sum": 5543.434743402255
  },
  "output_sequence_length": {
    "unit": "tokens",
    "avg": 57.38,
    "p1": 6.0,
    "p5": 6.45,
    "p10": 7.0,
    "p25": 7.0,
    "p50": 9.0,
    "p75": 12.5,
    "p90": 40.0,
    "p95": 40.0,
    "p99": 1109.979999999996,
    "min": 6.0,
    "max": 2138.0,
    "std": 297.5013203332045,
    "count": 50,
    "sum": 2869.0
  },
  "input_sequence_length": {
    "unit": "tokens",
    "avg": 48026.62,
    "p1": 61.03,
    "p5": 154.15,
    "p10": 3217.3,
    "p25": 54247.75,
    "p50": 55460.0,
    "p75": 56611.5,
    "p90": 56960.8,
    "p95": 57075.3,
    "p99": 57198.97,
    "min": 38.0,
    "max": 57222.0,
    "std": 18836.089058920912,
    "count": 50,
    "sum": 2401331.0
  },
  "output_token_count": {
    "unit": "tokens",
    "avg": 57.38,
    "p1": 6.0,
    "p5": 6.45,
    "p10": 7.0,
    "p25": 7.0,
    "p50": 9.0,
    "p75": 12.5,
    "p90": 40.0,
    "p95": 40.0,
    "p99": 1109.979999999996,
    "min": 6.0,
    "max": 2138.0,
    "std": 297.5013203332045,
    "count": 50,
    "sum": 2869.0
  },
  "inter_chunk_latency": {
    "unit": "ms",
    "avg": 9.919983597574026,
    "p1": 1.2579223999999998,
    "p5": 5.843260825,
    "p10": 9.85694905,
    "p25": 10.006172128205128,
    "p50": 10.086726424999998,
    "p75": 10.118788449999998,
    "p90": 10.25626553125,
    "p95": 10.371553333333333,
    "p99": 16.74799094999999,
    "min": 0.980931,
    "max": 45.582166,
    "std": 2.0170249944406944,
    "count": 2803,
    "sum": 27805.714023999997
  },
  "total_output_tokens": {
    "unit": "tokens",
    "avg": 2869.0
  },
  "benchmark_duration": {
    "unit": "sec",
    "avg": 580.396208287
  },
  "total_isl": {
    "unit": "tokens",
    "avg": 2401331.0
  },
  "total_osl": {
    "unit": "tokens",
    "avg": 2869.0
  },
  "telemetry_data": {
    "summary": {
      "endpoints_configured": [],
      "endpoints_successful": [],
      "start_time": "2026-06-04T14:27:48.756792",
      "end_time": "2026-06-04T14:37:31.170769"
    },
    "endpoints": {},
    "error_summary": []
  },
  "input_config": {
    "models": {
      "items": [
        {
          "name": "/model"
        }
      ]
    },
    "endpoint": {
      "urls": [
        "http://127.0.0.1:8000"
      ],
      "type": "chat",
      "streaming": true
    },
    "datasets": [
      {
        "name": "main",
        "type": "file",
        "path": "/tmp/trace_50_with_osl.jsonl",
        "format": "mooncake_trace"
      }
    ],
    "phases": [
      {
        "name": "profiling",
        "type": "fixed_schedule",
        "requests": 50,
        "auto_offset": true
      }
    ],
    "artifacts": {
      "dir": "/root/davilu/dynamo-bench/osl_AB_with_osl",
      "records": [
        "jsonl"
      ],
      "auto_plot": false,
      "plot_required": false
    },
    "tokenizer": {
      "name": "Qwen/Qwen3-VL-8B-Instruct"
    },
    "gpu_telemetry": {
      "enabled": true
    },
    "server_metrics": {
      "enabled": true,
      "urls": [],
      "formats": [
        "json",
        "csv"
      ]
    },
    "otel": {},
    "mlflow": {},
    "runtime": {
      "ui": "none"
    }
  },
  "run_info": {
    "benchmark_id": "07ccd733ff01",
    "trial": 0,
    "cli_command": "aiperf profile --model '/model' --tokenizer '<redacted>' --endpoint-type 'chat' --streaming --url 'http://127.0.0.1:8000' --input-file '/tmp/trace_50_with_osl.jsonl' --custom-dataset-type 'mooncake_trace' --fixed-schedule --fixed-schedule-auto-offset --artifact-dir '/root/davilu/dynamo-bench/osl_AB_with_osl'"
  },
  "was_cancelled": false,
  "error_summary": [],
  "start_time": "2026-06-04T14:27:48.756792",
  "end_time": "2026-06-04T14:37:29.164131",
  "http_req_connection_reused": {
    "unit": "ratio",
    "avg": 0.98,
    "p1": 0.49,
    "p5": 1.0,
    "p10": 1.0,
    "p25": 1.0,
    "p50": 1.0,
    "p75": 1.0,
    "p90": 1.0,
    "p95": 1.0,
    "p99": 1.0,
    "min": 0.0,
    "max": 1.0,
    "std": 0.13999999999999999,
    "count": 50,
    "sum": 49.0
  },
  "http_req_connecting": {
    "unit": "ms",
    "avg": 0.0275154,
    "p1": 0.0,
    "p5": 0.0,
    "p10": 0.0,
    "p25": 0.0,
    "p50": 0.0,
    "p75": 0.0,
    "p90": 0.0,
    "p95": 0.0,
    "p99": 0.7016426999999973,
    "min": 0.0,
    "max": 1.37577,
    "std": 0.19260779999999994,
    "count": 50,
    "sum": 1.37577
  },
  "http_req_sending": {
    "unit": "ms",
    "avg": 0.29062647999999996,
    "p1": 0.19047520999999998,
    "p5": 0.2007589,
    "p10": 0.21326330000000002,
    "p25": 0.25059675,
    "p50": 0.2648115,
    "p75": 0.28004275,
    "p90": 0.30218910000000004,
    "p95": 0.31124809999999997,
    "p99": 1.062398069999997,
    "min": 0.184973,
    "max": 1.776846,
    "std": 0.214588841244389,
    "count": 50,
    "sum": 14.531324
  },
  "http_req_chunks_sent": {
    "unit": "count",
    "avg": 1.0,
    "p1": 1.0,
    "p5": 1.0,
    "p10": 1.0,
    "p25": 1.0,
    "p50": 1.0,
    "p75": 1.0,
    "p90": 1.0,
    "p95": 1.0,
    "p99": 1.0,
    "min": 1.0,
    "max": 1.0,
    "std": 0.0,
    "count": 50,
    "sum": 50.0
  },
  "http_req_blocked": {
    "unit": "ms",
    "avg": 0.0,
    "p1": 0.0,
    "p5": 0.0,
    "p10": 0.0,
    "p25": 0.0,
    "p50": 0.0,
    "p75": 0.0,
    "p90": 0.0,
    "p95": 0.0,
    "p99": 0.0,
    "min": 0.0,
    "max": 0.0,
    "std": 0.0,
    "count": 50,
    "sum": 0.0
  },
  "http_req_waiting": {
    "unit": "ms",
    "avg": 772.41994948,