{
  "schema_version": "1.3",
  "aiperf_version": "0.9.0",
  "benchmark_id": "d5a5f958df59",
  "request_throughput": {
    "unit": "requests/sec",
    "avg": 0.07624890022437363
  },
  "request_latency": {
    "unit": "ms",
    "avg": 31998.389186999997,
    "p1": 7190.16491625,
    "p5": 7604.553377249999,
    "p10": 9057.4447191,
    "p25": 13830.310747,
    "p50": 23517.461509499997,
    "p75": 45203.953774,
    "p90": 67734.59293320001,
    "p95": 70945.63550385,
    "p99": 83508.84622076996,
    "min": 7086.567800999999,
    "max": 86649.6489,
    "std": 23047.830613274447,
    "count": 20,
    "sum": 639967.78374
  },
  "request_count": {
    "unit": "requests",
    "avg": 20.0
  },
  "time_to_first_token": {
    "unit": "ms",
    "avg": 19108.450157799998,
    "p1": 2815.54709491,
    "p5": 5416.66943055,
    "p10": 6777.107391699999,
    "p25": 9043.44516675,
    "p50": 14440.0004465,
    "p75": 23039.82952675,
    "p90": 35614.46725110002,
    "p95": 51505.85415430001,
    "p99": 63466.65241325997,
    "min": 2165.266511,
    "max": 66456.85197799999,
    "std": 15438.906354724051,
    "count": 20,
    "sum": 382169.003156
  },
  "time_to_second_token": {
    "unit": "ms",
    "avg": 4019.4984389499996,
    "p1": 1.62682709,
    "p5": 1.6998714499999998,
    "p10": 1.7574683,
    "p25": 2.5009855,
    "p50": 3.3687715,
    "p75": 799.99575125,
    "p90": 9684.27793430003,
    "p95": 28887.2230835,
    "p99": 34427.20636789999,
    "min": 1.608566,
    "max": 35812.202188999996,
    "std": 9664.527250370224,
    "count": 20,
    "sum": 80389.968779
  },
  "inter_token_latency": {
    "unit": "ms",
    "avg": 76.69696478430942,
    "p1": 9.628950428546219,
    "p5": 10.992463211638656,
    "p10": 11.629868692499999,
    "p25": 13.356263800205026,
    "p50": 19.625974394827587,
    "p75": 41.52272124700825,
    "p90": 140.31041367873044,
    "p95": 353.6156653913255,
    "p99": 632.6958834410552,
    "min": 9.288072232773107,
    "max": 702.4659379534883,
    "std": 160.2437400685218,
    "count": 20,
    "sum": 1533.9392956861886
  },
  "output_token_throughput": {
    "unit": "tokens/sec",
    "avg": 34.77331094732559
  },
  "output_token_throughput_per_user": {
    "unit": "tokens/sec/user",
    "avg": 50.38502735503382,
    "p1": 1.7198133949865055,
    "p5": 2.9048407016226783,
    "p10": 7.883622339137515,
    "p25": 24.10016874836003,
    "p50": 51.14779156646456,
    "p75": 74.94771871809554,
    "p90": 86.00761451378594,
    "p95": 91.10654730834656,
    "p99": 104.35328388551015,
    "min": 1.4235565683274622,
    "max": 107.66496802980109,
    "std": 30.691477076070214,
    "count": 20,
    "sum": 1007.7005471006764
  },
  "output_sequence_length": {
    "unit": "tokens",
    "avg": 456.05,
    "p1": 17.0,
    "p5": 17.0,
    "p10": 17.0,
    "p25": 53.0,
    "p50": 110.5,
    "p75": 144.75,
    "p90": 2178.5000000000005,
    "p95": 2381.65,
    "p99": 2391.53,
    "min": 17.0,
    "max": 2394.0,
    "std": 800.289164927278,
    "count": 20,
    "sum": 9121.0
  },
  "input_sequence_length": {
    "unit": "tokens",
    "avg": 89929.15,
    "p1": 16249.220000000001,
    "p5": 29426.100000000002,
    "p10": 30685.4,
    "p25": 48221.75,
    "p50": 84511.5,
    "p75": 124148.25,
    "p90": 162018.1,
    "p95": 165634.25000000003,
    "p99": 195414.84999999995,
    "min": 12955.0,
    "max": 202860.0,
    "std": 51747.19451938916,
    "count": 20,
    "sum": 1798583.0
  },
  "output_token_count": {
    "unit": "tokens",
    "avg": 456.05,
    "p1": 17.0,
    "p5": 17.0,
    "p10": 17.0,
    "p25": 53.0,
    "p50": 110.5,
    "p75": 144.75,
    "p90": 2178.5000000000005,
    "p95": 2381.65,
    "p99": 2391.53,
    "min": 17.0,
    "max": 2394.0,
    "std": 800.289164927278,
    "count": 20,
    "sum": 9121.0
  },
  "inter_chunk_latency": {
    "unit": "ms",
    "avg": 28.48605310320442,
    "p1": 6.71861015625,
    "p5": 6.736964785714285,
    "p10": 6.791277468050066,
    "p25": 7.613100575292398,
    "p50": 9.167221945887444,
    "p75": 13.745497789501039,
    "p90": 22.6368709625,
    "p95": 39.913415679687496,
    "p99": 51.39728211999999,
    "min": 0.28798599999999996,
    "max": 35812.202188999996,
    "std": 582.0728421056709,
    "count": 9050,
    "sum": 257798.780584
  },
  "total_output_tokens": {
    "unit": "tokens",
    "avg": 9121.0
  },
  "benchmark_duration": {
    "unit": "sec",
    "avg": 262.298865179
  },
  "total_isl": {
    "unit": "tokens",
    "avg": 1798583.0
  },
  "total_osl": {
    "unit": "tokens",
    "avg": 9121.0
  },
  "telemetry_data": {
    "summary": {
      "endpoints_configured": [],
      "endpoints_successful": [],
      "start_time": "2026-06-04T15:24:55.919660",
      "end_time": "2026-06-04T15:29:20.246892"
    },
    "endpoints": {},
    "error_summary": []
  },
  "input_config": {
    "models": {
      "items": [
        {
          "name": "/model"
        }
      ]
    },
    "endpoint": {
      "urls": [
        "http://127.0.0.1:8000"
      ],
      "type": "chat",
      "streaming": true,
      "extra": {
        "ignore_eos": true
      }
    },
    "datasets": [
      {
        "name": "main",
        "type": "file",
        "path": "/tmp/trace_20_concurrent_no_hints.jsonl",
        "format": "mooncake_trace"
      }
    ],
    "phases": [
      {
        "name": "profiling",
        "type": "fixed_schedule",
        "requests": 20,
        "auto_offset": true
      }
    ],
    "artifacts": {
      "dir": "/root/davilu/dynamo-bench/osl_AB_no_hints",
      "records": [
        "jsonl"
      ],
      "auto_plot": false,
      "plot_required": false
    },
    "tokenizer": {
      "name": "Qwen/Qwen3-VL-8B-Instruct"
    },
    "gpu_telemetry": {
      "enabled": true
    },
    "server_metrics": {
      "enabled": true,
      "urls": [],
      "formats": [
        "json",
        "csv"
      ]
    },
    "otel": {},
    "mlflow": {},
    "runtime": {
      "ui": "none"
    }
  },
  "run_info": {
    "benchmark_id": "d5a5f958df59",
    "trial": 0,
    "cli_command": "aiperf profile --model '/model' --tokenizer '<redacted>' --endpoint-type 'chat' --streaming --url 'http://127.0.0.1:8000' --input-file '/tmp/trace_20_concurrent_no_hints.jsonl' --custom-dataset-type 'mooncake_trace' --fixed-schedule --fixed-schedule-auto-offset --extra-inputs 'ignore_eos:true' --artifact-dir '/root/davilu/dynamo-bench/osl_AB_no_hints'"
  },
  "was_cancelled": false,
  "error_summary": [],
  "start_time": "2026-06-04T15:24:55.919660",
  "end_time": "2026-06-04T15:29:18.240402",
  "http_req_dns_lookup": {
    "unit": "ms",
    "avg": 0.0,
    "p1": 0.0,
    "p5": 0.0,
    "p10": 0.0,
    "p25": 0.0,
    "p50": 0.0,
    "p75": 0.0,
    "p90": 0.0,
    "p95": 0.0,
    "p99": 0.0,
    "min": 0.0,
    "max": 0.0,
    "std": 0.0,
    "count": 20,
    "sum": 0.0
  },
  "http_req_blocked": {
    "unit": "ms",
    "avg": 0.0,
    "p1": 0.0,
    "p5": 0.0,
    "p10": 0.0,
    "p25": 0.0,
    "p50": 0.0,
    "p75": 0.0,
    "p90": 0.0,
    "p95": 0.0,
    "p99": 0.0,
    "min": 0.0,
    "max": 0.0,
    "std": 0.0,
    "count": 20,
    "sum": 0.0
  },
  "http_req_chunks_received": {
    "unit": "count",
    "avg": 457.05,
    "p1": 18.0,
    "p5": 18.0,
    "p10": 18.0,
    "p25": 54.0,
    "p50": 111.0,
    "p75": 145.75,
    "p90": 2179.5000000000005,
    "p95": 2382.65,
    "p99": 2392.53,
    "min": 18.0,
    "max": 2395.0,
    "std": 800.3373960399451,
    "count": 20,
    "sum": 9141.0
  },
  "http_req_connection_reused": {
    "unit": "ratio",
    "avg": 0.8,
    "p1": 0.0,
    "p5": 0.0,
    "p10": 0.0,
    "p25": 1.0,
    "p50": 1.0,
    "p75": 1.0,
    "p90": 1.0,
    "p95": 1.0,
    "p99": 1.0,
    "min": 0.0,
    "max": 1.0,
    "std": 0.4,
    "count": 20,
    "sum": 16.0
  },
  "http_req_receiving": {
    "unit": "ms",
    "avg": 12901.43429715,
    "p1": 191.35678889,
    "p5": 191.41160845,
    "p10": 218.1502082,
    "p25": 1414.3105405,
    "p50": 2957.0605495,
    "p75": 24139.03488325,