{
  "schema_version": "1.3",
  "aiperf_version": "0.9.0",
  "benchmark_id": "013ffe1e2d20",
  "request_throughput": {
    "unit": "requests/sec",
    "avg": 0.06460542058376688
  },
  "request_latency": {
    "unit": "ms",
    "avg": 34698.3179531,
    "p1": 6747.3380121,
    "p5": 7127.0260245,
    "p10": 7951.7123151,
    "p25": 13727.973607,
    "p50": 24718.431884499998,
    "p75": 44545.175984249996,
    "p90": 63545.11900620004,
    "p95": 94741.03046975003,
    "p99": 123104.33201714994,
    "min": 6652.416009,
    "max": 130195.157404,
    "std": 30435.79318777502,
    "count": 20,
    "sum": 693966.359062
  },
  "request_count": {
    "unit": "requests",
    "avg": 20.0
  },
  "time_to_first_token": {
    "unit": "ms",
    "avg": 20388.87321125,
    "p1": 2789.1788313899997,
    "p5": 5681.73608095,
    "p10": 6864.1844736,
    "p25": 8796.7784085,
    "p50": 13556.2511445,
    "p75": 22120.783425999998,
    "p90": 31594.115661200012,
    "p95": 42461.12197385005,
    "p99": 96657.10678996991,
    "min": 2066.039519,
    "max": 110206.102994,
    "std": 22507.900456560004,
    "count": 20,
    "sum": 407777.464225
  },
  "time_to_second_token": {
    "unit": "ms",
    "avg": 5082.1751926,
    "p1": 1.60900712,
    "p5": 1.6677156,
    "p10": 1.7218708999999999,
    "p25": 1.9115294999999999,
    "p50": 11.308904499999999,
    "p75": 5162.15920775,
    "p90": 15888.208483000019,
    "p95": 28802.402823300003,
    "p99": 32709.11906385999,
    "min": 1.59433,
    "max": 33685.798124,
    "std": 9760.34380698621,
    "count": 20,
    "sum": 101643.503852
  },
  "inter_token_latency": {
    "unit": "ms",
    "avg": 54.393520880913,
    "p1": 10.110155427681962,
    "p5": 11.037860227017404,
    "p10": 11.33054843125,
    "p25": 13.517742887718024,
    "p50": 19.087992878634058,
    "p75": 38.32511736478825,
    "p90": 148.39264758585568,
    "p95": 157.8258002635523,
    "p99": 295.68493154361926,
    "min": 9.8782292278481,
    "max": 330.14971436363635,
    "std": 78.14951658473842,
    "count": 20,
    "sum": 1087.87041761826
  },
  "output_token_throughput": {
    "unit": "tokens/sec",
    "avg": 29.45684151516851
  },
  "output_token_throughput_per_user": {
    "unit": "tokens/sec/user",
    "avg": 49.636267487492674,
    "p1": 3.7306907509946865,
    "p5": 6.5377382902182966,
    "p10": 6.738882831722428,
    "p25": 26.982562474256483,
    "p50": 52.45388706516184,
    "p75": 73.99002798243438,
    "p90": 88.26115637704511,
    "p95": 90.65575442182097,
    "p99": 99.11732578954746,
    "min": 3.028928866188784,
    "max": 101.2327186314791,
    "std": 29.779499150369755,
    "count": 20,
    "sum": 992.7253497498536
  },
  "output_sequence_length": {
    "unit": "tokens",
    "avg": 455.95,
    "p1": 17.0,
    "p5": 17.0,
    "p10": 17.0,
    "p25": 53.0,
    "p50": 110.5,
    "p75": 144.75,
    "p90": 2176.6000000000004,
    "p95": 2380.7,
    "p99": 2391.34,
    "min": 17.0,
    "max": 2394.0,
    "std": 799.9830920088249,
    "count": 20,
    "sum": 9119.0
  },
  "input_sequence_length": {
    "unit": "tokens",
    "avg": 89928.85,
    "p1": 16249.220000000001,
    "p5": 29426.100000000002,
    "p10": 30685.4,
    "p25": 48221.0,
    "p50": 84511.0,
    "p75": 124146.75,
    "p90": 162019.0,
    "p95": 165634.30000000002,
    "p99": 195415.65999999995,
    "min": 12955.0,
    "max": 202861.0,
    "std": 51747.27528602352,
    "count": 20,
    "sum": 1798577.0
  },
  "output_token_count": {
    "unit": "tokens",
    "avg": 455.95,
    "p1": 17.0,
    "p5": 17.0,
    "p10": 17.0,
    "p25": 53.0,
    "p50": 110.5,
    "p75": 144.75,
    "p90": 2176.6000000000004,
    "p95": 2380.7,
    "p99": 2391.34,
    "min": 17.0,
    "max": 2394.0,
    "std": 799.9830920088249,
    "count": 20,
    "sum": 9119.0
  },
  "inter_chunk_latency": {
    "unit": "ms",
    "avg": 32.32311891088773,
    "p1": 6.902658,
    "p5": 8.236019866666666,
    "p10": 8.275224784827586,
    "p25": 8.401045545572076,
    "p50": 16.238934096969697,
    "p75": 16.94993967962185,
    "p90": 23.940091770807456,
    "p95": 48.77939330937496,
    "p99": 51.98279874285714,
    "min": 0.837248,
    "max": 33685.798124,
    "std": 591.5200116299841,
    "count": 8854,
    "sum": 286188.894837
  },
  "total_output_tokens": {
    "unit": "tokens",
    "avg": 9119.0
  },
  "benchmark_duration": {
    "unit": "sec",
    "avg": 309.571547082
  },
  "total_isl": {
    "unit": "tokens",
    "avg": 1798577.0
  },
  "total_osl": {
    "unit": "tokens",
    "avg": 9119.0
  },
  "telemetry_data": {
    "summary": {
      "endpoints_configured": [],
      "endpoints_successful": [],
      "start_time": "2026-06-04T15:32:27.695252",
      "end_time": "2026-06-04T15:37:39.275801"
    },
    "endpoints": {},
    "error_summary": []
  },
  "input_config": {
    "models": {
      "items": [
        {
          "name": "/model"
        }
      ]
    },
    "endpoint": {
      "urls": [
        "http://127.0.0.1:8000"
      ],
      "type": "chat",
      "streaming": true,
      "extra": {
        "ignore_eos": true
      }
    },
    "datasets": [
      {
        "name": "main",
        "type": "file",
        "path": "/tmp/trace_20_concurrent_perfect_osl.jsonl",
        "format": "mooncake_trace"
      }
    ],
    "phases": [
      {
        "name": "profiling",
        "type": "fixed_schedule",
        "requests": 20,
        "auto_offset": true
      }
    ],
    "artifacts": {
      "dir": "/root/davilu/dynamo-bench/osl_AB_with_osl",
      "records": [
        "jsonl"
      ],
      "auto_plot": false,
      "plot_required": false
    },
    "tokenizer": {
      "name": "Qwen/Qwen3-VL-8B-Instruct"
    },
    "gpu_telemetry": {
      "enabled": true
    },
    "server_metrics": {
      "enabled": true,
      "urls": [],
      "formats": [
        "json",
        "csv"
      ]
    },
    "otel": {},
    "mlflow": {},
    "runtime": {
      "ui": "none"
    }
  },
  "run_info": {
    "benchmark_id": "013ffe1e2d20",
    "trial": 0,
    "cli_command": "aiperf profile --model '/model' --tokenizer '<redacted>' --endpoint-type 'chat' --streaming --url 'http://127.0.0.1:8000' --input-file '/tmp/trace_20_concurrent_perfect_osl.jsonl' --custom-dataset-type 'mooncake_trace' --fixed-schedule --fixed-schedule-auto-offset --extra-inputs 'ignore_eos:true' --artifact-dir '/root/davilu/dynamo-bench/osl_AB_with_osl'"
  },
  "was_cancelled": false,
  "error_summary": [],
  "start_time": "2026-06-04T15:32:27.695252",
  "end_time": "2026-06-04T15:37:37.270039",
  "http_req_chunks_received": {
    "unit": "count",
    "avg": 456.85,
    "p1": 17.19,
    "p5": 17.95,
    "p10": 18.0,
    "p25": 54.0,
    "p50": 111.0,
    "p75": 145.0,
    "p90": 2179.4000000000005,
    "p95": 2381.7,
    "p99": 2392.34,
    "min": 17.0,
    "max": 2395.0,
    "std": 800.2859035994575,
    "count": 20,
    "sum": 9137.0
  },
  "http_req_receiving": {
    "unit": "ms",
    "avg": 14320.901237549999,
    "p1": 186.81664281,
    "p5": 190.30048205,
    "p10": 215.207943,
    "p25": 839.8887105,
    "p50": 3597.314429,
    "p75": 17926.179857749998,
    "p90": 41073.99006940002,
    "p95": 52674.83461115002,
    "p99": 74988.67200702996,
    "min": 185.945683,
    "max": 80567.131356,
    "std": 21115.697749975265,
    "count": 20,
    "sum": 286418.024751
  },
  "http_req_connecting": {
    "unit": "ms",
    "avg": 0.26261945,
    "p1": 0.0,
    "p5": 0.0,
    "p10": 0.0,
    "p25": 0.0,
    "p50": 0.0,
    "p75": 0.0,
    "p90": 1.2895918,
    "p95": 1.2993028500000001,
    "p99": 1.3816845699999998,
    "min": 0.0,
    "max": 1.40228,
    "std": 0.525762811316517,
    "count": 20,
    "sum": 5.252389
  },
  "http_req_chunks_sent": {
    "unit": "count",
    "avg": 1.0,
    "p1": 1.0,
    "p5": 1.0,
    "p10": 1.0,
    "p25": 1.0,
    "p50": 1.0,
    "p75": 1.0,
    "p90": 1.0,
    "p95": 1.0,
    "p99": 1.0,
    "min": 1.0,
    "max": 1.0,
    "std": 0.0,
    "count": 20,
    "sum": 20.0
  },