{
  "schema_version": "1.3",
  "aiperf_version": "0.9.0",
  "benchmark_id": "b2dffa344008",
  "request_throughput": {
    "unit": "requests/sec",
    "avg": 0.12073707303960005
  },
  "request_latency": {
    "unit": "ms",
    "avg": 35809.961115,
    "p1": 1988.1711715999998,
    "p5": 2803.6025711999996,
    "p10": 4161.2443862,
    "p25": 8866.742404499999,
    "p50": 18166.754545,
    "p75": 47994.2154625,
    "p90": 77598.05722440007,
    "p95": 88792.5117671,
    "p99": 238480.54207116002,
    "min": 112.667683,
    "max": 310875.44199799997,
    "std": 47341.16484293585,
    "count": 87,
    "sum": 3115466.617005
  },
  "request_count": {
    "unit": "requests",
    "avg": 87.0
  },
  "time_to_first_token": {
    "unit": "ms",
    "avg": 11912.477439609194,
    "p1": 278.88840918,
    "p5": 745.4981809,
    "p10": 1912.6715723999998,
    "p25": 2880.5927025,
    "p50": 5062.095378999999,
    "p75": 9841.1420315,
    "p90": 30231.88482060002,
    "p95": 54515.7455466,
    "p99": 84236.3437663,
    "min": 38.663953,
    "max": 88520.107693,
    "std": 18066.709476734355,
    "count": 87,
    "sum": 1036385.5372459999
  },
  "time_to_second_token": {
    "unit": "ms",
    "avg": 13100.654243264367,
    "p1": 1.515463,
    "p5": 1.6885846,
    "p10": 1.9660441999999998,
    "p25": 2.381224,
    "p50": 11.983884,
    "p75": 13156.12687,
    "p90": 54756.409994800015,
    "p95": 66736.0691417,
    "p99": 81427.4015347,
    "min": 1.380701,
    "max": 83148.93423099999,
    "std": 22819.892001491524,
    "count": 87,
    "sum": 1139756.9191639998
  },
  "inter_token_latency": {
    "unit": "ms",
    "avg": 556.9105506264906,
    "p1": 7.296370055135135,
    "p5": 8.156806059246088,
    "p10": 9.087273170276008,
    "p25": 14.554925694399431,
    "p50": 45.2695876359447,
    "p75": 627.3964880208332,
    "p90": 1407.7982953428584,
    "p95": 2543.522971001292,
    "p99": 5685.520021908001,
    "min": 6.505609857142857,
    "max": 6404.956204571428,
    "std": 1113.9218805832295,
    "count": 87,
    "sum": 48451.21790450469
  },
  "output_token_throughput": {
    "unit": "tokens/sec",
    "avg": 66.77870365048868
  },
  "output_token_throughput_per_user": {
    "unit": "tokens/sec/user",
    "avg": 39.11949020803849,
    "p1": 0.17630093146228534,
    "p5": 0.3965679204758161,
    "p10": 0.7155751416977247,
    "p25": 1.596491860104516,
    "p50": 22.089885334099787,
    "p75": 68.70530907900635,
    "p90": 110.09388042886752,
    "p95": 122.59720452539602,
    "p99": 137.34326863724252,
    "min": 0.1561290925434068,
    "max": 153.71349065791986,
    "std": 42.70308106837196,
    "count": 87,
    "sum": 3403.395648099348
  },
  "output_sequence_length": {
    "unit": "tokens",
    "avg": 553.0919540229885,
    "p1": 8.0,
    "p5": 8.0,
    "p10": 8.0,
    "p25": 22.5,
    "p50": 39.0,
    "p75": 114.0,
    "p90": 491.0000000000001,
    "p95": 1041.2000000000014,
    "p99": 13772.76,
    "min": 8.0,
    "max": 14576.0,
    "std": 2328.5317836367462,
    "count": 87,
    "sum": 48119.0
  },
  "input_sequence_length": {
    "unit": "tokens",
    "avg": 46105.275862068964,
    "p1": 78.42,
    "p5": 2955.2,
    "p10": 9573.0,
    "p25": 16379.5,
    "p50": 28843.0,
    "p75": 50460.5,
    "p90": 130457.80000000016,
    "p95": 167514.2,
    "p99": 226178.30000000002,
    "min": 38.0,
    "max": 251673.0,
    "std": 52235.3578629775,
    "count": 87,
    "sum": 4011159.0
  },
  "output_token_count": {
    "unit": "tokens",
    "avg": 553.0919540229885,
    "p1": 8.0,
    "p5": 8.0,
    "p10": 8.0,
    "p25": 22.5,
    "p50": 39.0,
    "p75": 114.0,
    "p90": 491.0000000000001,
    "p95": 1041.2000000000014,
    "p99": 13772.76,
    "min": 8.0,
    "max": 14576.0,
    "std": 2328.5317836367462,
    "count": 87,
    "sum": 48119.0
  },
  "inter_chunk_latency": {
    "unit": "ms",
    "avg": 43.34669918603536,
    "p1": 7.145062543809217,
    "p5": 8.42447336952381,
    "p10": 8.614888223830231,
    "p25": 9.110422955910932,
    "p50": 18.378997328492385,
    "p75": 20.55384607166006,
    "p90": 21.11801127081117,
    "p95": 21.326978434183147,
    "p99": 28.875289273273047,
    "min": 0.0,
    "max": 83148.93423099999,
    "std": 1154.4506805464173,
    "count": 47964,
    "sum": 2079081.0797589999
  },
  "total_output_tokens": {
    "unit": "tokens",
    "avg": 48119.0
  },
  "benchmark_duration": {
    "unit": "sec",
    "avg": 720.574035876
  },
  "total_isl": {
    "unit": "tokens",
    "avg": 4011159.0
  },
  "total_osl": {
    "unit": "tokens",
    "avg": 48119.0
  },
  "error_request_count": {
    "unit": "requests",
    "avg": 3.0
  },
  "error_isl": {
    "unit": "tokens",
    "avg": 366794.0,
    "p1": 298614.92,
    "p5": 306078.6,
    "p10": 315408.2,
    "p25": 343397.0,
    "p50": 390045.0,
    "p75": 401816.5,
    "p90": 408879.4,
    "p95": 411233.7,
    "p99": 413117.14,
    "min": 296749.0,
    "max": 413588.0,
    "std": 50453.243906280855,
    "count": 3,
    "sum": 1100382.0
  },
  "total_error_isl": {
    "unit": "tokens",
    "avg": 1100382.0
  },
  "telemetry_data": {
    "summary": {
      "endpoints_configured": [],
      "endpoints_successful": [],
      "start_time": "2026-06-04T17:50:21.585975",
      "end_time": "2026-06-04T18:02:24.276383"
    },
    "endpoints": {},
    "error_summary": []
  },
  "input_config": {
    "models": {
      "items": [
        {
          "name": "/model"
        }
      ]
    },
    "endpoint": {
      "urls": [
        "http://127.0.0.1:8000"
      ],
      "type": "chat",
      "streaming": true,
      "extra": {
        "ignore_eos": true
      }
    },
    "datasets": [
      {
        "name": "main",
        "type": "file",
        "path": "/tmp/trace_highconc_perfect_osl.jsonl",
        "format": "mooncake_trace"
      }
    ],
    "phases": [
      {
        "name": "profiling",
        "type": "fixed_schedule",
        "requests": 90,
        "auto_offset": true
      }
    ],
    "artifacts": {
      "dir": "/root/davilu/dynamo-bench/highconc_B",
      "records": [
        "jsonl"
      ],
      "auto_plot": false,
      "plot_required": false
    },
    "tokenizer": {
      "name": "Qwen/Qwen3-VL-8B-Instruct"
    },
    "gpu_telemetry": {
      "enabled": true
    },
    "server_metrics": {
      "enabled": true,
      "urls": [],
      "formats": [
        "json",
        "csv"
      ]
    },
    "otel": {},
    "mlflow": {},
    "runtime": {
      "ui": "none"
    }
  },
  "run_info": {
    "benchmark_id": "b2dffa344008",
    "trial": 0,
    "cli_command": "aiperf profile --model '/model' --tokenizer '<redacted>' --endpoint-type 'chat' --streaming --url 'http://127.0.0.1:8000' --input-file '/tmp/trace_highconc_perfect_osl.jsonl' --custom-dataset-type 'mooncake_trace' --fixed-schedule --fixed-schedule-auto-offset --extra-inputs 'ignore_eos:true' --artifact-dir '/root/davilu/dynamo-bench/highconc_B'"
  },
  "was_cancelled": false,
  "error_summary": [
    {
      "error_details": {
        "code": 400,
        "type": "Bad Request",
        "message": "{\"message\":\"This model's maximum context length is 262144 tokens. However, your messages resulted in 296766 tokens. Please reduce the length of the messages.\",\"type\":\"Bad Request\",\"code\":400}"
      },
      "count": 1
    },
    {
      "error_details": {
        "code": 400,
        "type": "Bad Request",
        "message": "{\"message\":\"This model's maximum context length is 262144 tokens. However, your messages resulted in 413609 tokens. Please reduce the length of the messages.\",\"type\":\"Bad Request\",\"code\":400}"
      },
      "count": 1
    },
    {
      "error_details": {
        "code": 400,
        "type": "Bad Request",
        "message": "{\"message\":\"This model's maximum context length is 262144 tokens. However, your messages resulted in 390071 tokens. Please reduce the length of the messages.\",\"type\":\"Bad Request\",\"code\":400}"
      },
      "count": 1
    }
  ],