{
  "schema_version": "1.3",
  "aiperf_version": "0.9.0",
  "benchmark_id": "77fb5e5b8589",
  "request_throughput": {
    "unit": "requests/sec",
    "avg": 0.07911298939801512
  },
  "request_latency": {
    "unit": "ms",
    "avg": 116143.93232786207,
    "p1": 14754.40813736,
    "p5": 46903.55370809999,
    "p10": 56785.6165118,
    "p25": 86027.782115,
    "p50": 103688.90174799999,
    "p75": 121388.1692715,
    "p90": 191472.3602472,
    "p95": 221309.0067577,
    "p99": 362936.4497294001,
    "min": 336.120814,
    "max": 556356.5920729999,
    "std": 74897.09876363959,
    "count": 87,
    "sum": 10104522.112523999
  },
  "request_count": {
    "unit": "requests",
    "avg": 87.0
  },
  "time_to_first_token": {
    "unit": "ms",
    "avg": 29718.888853977012,
    "p1": 387.8352286,
    "p5": 1554.5945378,
    "p10": 3071.6675241999997,
    "p25": 7269.574565999999,
    "p50": 20775.441832,
    "p75": 43503.4177425,
    "p90": 60464.4613502,
    "p95": 92376.4299294,
    "p99": 115647.85041336,
    "min": 86.992127,
    "max": 133194.498933,
    "std": 28732.71651390323,
    "count": 87,
    "sum": 2585543.330296
  },
  "time_to_second_token": {
    "unit": "ms",
    "avg": 40971.877236126435,
    "p1": 0.0,
    "p5": 2.9468537999999995,
    "p10": 15.806092799999998,
    "p25": 6824.818107,
    "p50": 44977.046306,
    "p75": 64149.2291535,
    "p90": 91542.93220519999,
    "p95": 96626.75529249999,
    "p99": 100417.86499461999,
    "min": 0.0,
    "max": 102150.32298299999,
    "std": 33022.41358795775,
    "count": 87,
    "sum": 3564553.319543
  },
  "inter_token_latency": {
    "unit": "ms",
    "avg": 2457.9123465493794,
    "p1": 19.067416197010594,
    "p5": 32.797316809584046,
    "p10": 44.639613636543,
    "p25": 401.19260304418754,
    "p50": 1174.6375970609754,
    "p75": 3054.5916282499998,
    "p90": 5170.4140786684575,
    "p95": 9541.703447142858,
    "p99": 14034.69515637143,
    "min": 18.772057850388503,
    "max": 18849.86483742857,
    "std": 3234.2526220016002,
    "count": 87,
    "sum": 213838.3741497959
  },
  "output_token_throughput": {
    "unit": "tokens/sec",
    "avg": 43.75675789474815
  },
  "output_token_throughput_per_user": {
    "unit": "tokens/sec/user",
    "avg": 5.816200828926349,
    "p1": 0.072328702212235,
    "p5": 0.1048965920893338,
    "p10": 0.19492242114347974,
    "p25": 0.3274465696997201,
    "p50": 0.8513264027152451,
    "p75": 2.4931594515475552,
    "p90": 22.456853617990774,
    "p95": 30.661234542601385,
    "p99": 52.447566337655815,
    "min": 0.05305077827478027,
    "max": 53.27066472785796,
    "std": 12.03657915885303,
    "count": 87,
    "sum": 506.00947211659224
  },
  "output_sequence_length": {
    "unit": "tokens",
    "avg": 553.0919540229885,
    "p1": 8.0,
    "p5": 8.0,
    "p10": 8.0,
    "p25": 22.5,
    "p50": 39.0,
    "p75": 114.0,
    "p90": 491.0000000000001,
    "p95": 1041.2000000000014,
    "p99": 13773.62,
    "min": 8.0,
    "max": 14576.0,
    "std": 2328.5967982919933,
    "count": 87,
    "sum": 48119.0
  },
  "input_sequence_length": {
    "unit": "tokens",
    "avg": 46105.32183908046,
    "p1": 78.42,
    "p5": 2955.2,
    "p10": 9573.0,
    "p25": 16379.5,
    "p50": 28843.0,
    "p75": 50460.5,
    "p90": 130457.80000000016,
    "p95": 167514.2,
    "p99": 226178.30000000002,
    "min": 38.0,
    "max": 251673.0,
    "std": 52235.43358161812,
    "count": 87,
    "sum": 4011163.0
  },
  "output_token_count": {
    "unit": "tokens",
    "avg": 553.0919540229885,
    "p1": 8.0,
    "p5": 8.0,
    "p10": 8.0,
    "p25": 22.5,
    "p50": 39.0,
    "p75": 114.0,
    "p90": 491.0000000000001,
    "p95": 1041.2000000000014,
    "p99": 13773.62,
    "min": 8.0,
    "max": 14576.0,
    "std": 2328.5967982919933,
    "count": 87,
    "sum": 48119.0
  },
  "inter_chunk_latency": {
    "unit": "ms",
    "avg": 156.86434778186216,
    "p1": 8.35967593602,
    "p5": 8.565251935559443,
    "p10": 8.7591578079284,
    "p25": 9.34800143749212,
    "p50": 19.08257657507998,
    "p75": 21.32307768395995,
    "p90": 38.07198651046549,
    "p95": 45.35661355336752,
    "p99": 66.49055461677972,
    "min": 0.0,
    "max": 102150.32298299999,
    "std": 3088.4850259991867,
    "count": 47933,
    "sum": 7518978.7822279995
  },
  "total_output_tokens": {
    "unit": "tokens",
    "avg": 48119.0
  },
  "benchmark_duration": {
    "unit": "sec",
    "avg": 1099.692991783
  },
  "total_isl": {
    "unit": "tokens",
    "avg": 4011163.0
  },
  "total_osl": {
    "unit": "tokens",
    "avg": 48119.0
  },
  "error_request_count": {
    "unit": "requests",
    "avg": 3.0
  },
  "error_isl": {
    "unit": "tokens",
    "avg": 366795.3333333333,
    "p1": 298616.88,
    "p5": 306080.4,
    "p10": 315409.8,
    "p25": 343398.0,
    "p50": 390045.0,
    "p75": 401817.5,
    "p90": 408881.0,
    "p95": 411235.5,
    "p99": 413119.1,
    "min": 296751.0,
    "max": 413590.0,
    "std": 50452.93668580871,
    "count": 3,
    "sum": 1100386.0
  },
  "total_error_isl": {
    "unit": "tokens",
    "avg": 1100386.0
  },
  "telemetry_data": {
    "summary": {
      "endpoints_configured": [],
      "endpoints_successful": [],
      "start_time": "2026-06-05T10:54:45.963159",
      "end_time": "2026-06-05T11:13:07.774134"
    },
    "endpoints": {},
    "error_summary": []
  },
  "input_config": {
    "models": {
      "items": [
        {
          "name": "/model"
        }
      ]
    },
    "endpoint": {
      "urls": [
        "http://127.0.0.1:8000"
      ],
      "type": "chat",
      "streaming": true,
      "extra": {
        "ignore_eos": true
      }
    },
    "datasets": [
      {
        "name": "main",
        "type": "file",
        "path": "/tmp/trace_highconc_no_hints.jsonl",
        "format": "mooncake_trace"
      }
    ],
    "phases": [
      {
        "name": "profiling",
        "type": "fixed_schedule",
        "requests": 90,
        "auto_offset": true
      }
    ],
    "artifacts": {
      "dir": "/root/davilu/dynamo-bench/spec2w_A",
      "records": [
        "jsonl"
      ],
      "auto_plot": false,
      "plot_required": false
    },
    "tokenizer": {
      "name": "Qwen/Qwen3-VL-8B-Instruct"
    },
    "gpu_telemetry": {
      "enabled": true
    },
    "server_metrics": {
      "enabled": true,
      "urls": [],
      "formats": [
        "json",
        "csv"
      ]
    },
    "otel": {},
    "mlflow": {},
    "runtime": {
      "ui": "none"
    }
  },
  "run_info": {
    "benchmark_id": "77fb5e5b8589",
    "trial": 0,
    "cli_command": "aiperf profile --model '/model' --tokenizer '<redacted>' --endpoint-type 'chat' --streaming --url 'http://127.0.0.1:8000' --input-file '/tmp/trace_highconc_no_hints.jsonl' --custom-dataset-type 'mooncake_trace' --fixed-schedule --fixed-schedule-auto-offset --extra-inputs 'ignore_eos:true' --artifact-dir '/root/davilu/dynamo-bench/spec2w_A'"
  },
  "was_cancelled": false,
  "error_summary": [
    {
      "error_details": {
        "code": 400,
        "type": "Bad Request",
        "message": "{\"message\":\"This model's maximum context length is 262144 tokens. However, your messages resulted in 296768 tokens. Please reduce the length of the messages.\",\"type\":\"Bad Request\",\"code\":400}"
      },
      "count": 1
    },
    {
      "error_details": {
        "code": 400,
        "type": "Bad Request",
        "message": "{\"message\":\"This model's maximum context length is 262144 tokens. However, your messages resulted in 413611 tokens. Please reduce the length of the messages.\",\"type\":\"Bad Request\",\"code\":400}"
      },
      "count": 1
    },
    {
      "error_details": {
        "code": 400,
        "type": "Bad Request",
        "message": "{\"message\":\"This model's maximum context length is 262144 tokens. However, your messages resulted in 390071 tokens. Please reduce the length of the messages.\",\"type\":\"Bad Request\",\"code\":400}"
      },
      "count": 1
    }
  ],