{
  "schema_version": "1.3",
  "aiperf_version": "0.9.0",
  "benchmark_id": "ae9b6c074a6f",
  "request_throughput": {
    "unit": "requests/sec",
    "avg": 0.07751946230445021
  },
  "request_latency": {
    "unit": "ms",
    "avg": 116742.19560680458,
    "p1": 18827.719181599998,
    "p5": 22617.206898099997,
    "p10": 54692.966628999995,
    "p25": 85366.7953915,
    "p50": 103046.936067,
    "p75": 126160.7798415,
    "p90": 217321.7406754,
    "p95": 240429.48835540004,
    "p99": 387829.8956834801,
    "min": 15558.405265,
    "max": 573701.9078299999,
    "std": 80220.74491486694,
    "count": 87,
    "sum": 10156571.017792
  },
  "request_count": {
    "unit": "requests",
    "avg": 87.0
  },
  "time_to_first_token": {
    "unit": "ms",
    "avg": 28027.958670747128,
    "p1": 380.18040299999996,
    "p5": 1578.1348314999998,
    "p10": 3056.0764441999995,
    "p25": 7008.105547,
    "p50": 16872.270629,
    "p75": 39004.6556785,
    "p90": 59862.9617986,
    "p95": 95356.7252301,
    "p99": 106294.48905332002,
    "min": 67.929238,
    "max": 133675.132407,
    "std": 28477.148796150075,
    "count": 87,
    "sum": 2438432.404355
  },
  "time_to_second_token": {
    "unit": "ms",
    "avg": 39921.637624954026,
    "p1": 0.0,
    "p5": 2.2246363999999996,
    "p10": 17.2159452,
    "p25": 2439.551266,
    "p50": 42580.976986,
    "p75": 65211.237296499996,
    "p90": 93935.4671302,
    "p95": 97250.0468365,
    "p99": 100669.28638127999,
    "min": 0.0,
    "max": 101424.699289,
    "std": 34474.78473217044,
    "count": 87,
    "sum": 3473182.473371
  },
  "inter_token_latency": {
    "unit": "ms",
    "avg": 2597.032728715058,
    "p1": 19.070669208914325,
    "p5": 30.27295079984496,
    "p10": 45.91678649063305,
    "p25": 432.9915911521396,
    "p50": 1148.6261575714284,
    "p75": 3088.64970959375,
    "p90": 6358.769064677935,
    "p95": 10382.989376264288,
    "p99": 17886.69758969714,
    "min": 18.759630642401582,
    "max": 18928.809069428567,
    "std": 3610.2425799244756,
    "count": 87,
    "sum": 225941.84739821014
  },
  "output_token_throughput": {
    "unit": "tokens/sec",
    "avg": 42.87539088077977
  },
  "output_token_throughput_per_user": {
    "unit": "tokens/sec/user",
    "avg": 5.726238867481003,
    "p1": 0.055936941735636,
    "p5": 0.09654168370306919,
    "p10": 0.16153240465010937,
    "p25": 0.32382028985591693,
    "p50": 0.8706052821523123,
    "p75": 2.309650312027191,
    "p90": 21.780749254583498,
    "p95": 33.040474899214026,
    "p99": 52.43884702096018,
    "min": 0.052829525425087315,
    "max": 53.30595356924262,
    "std": 12.122681662793518,
    "count": 87,
    "sum": 498.18278147084726
  },
  "output_sequence_length": {
    "unit": "tokens",
    "avg": 553.0919540229885,
    "p1": 8.0,
    "p5": 8.0,
    "p10": 8.0,
    "p25": 22.5,
    "p50": 39.0,
    "p75": 114.0,
    "p90": 491.0000000000001,
    "p95": 1041.2000000000014,
    "p99": 13772.76,
    "min": 8.0,
    "max": 14576.0,
    "std": 2328.4850515351436,
    "count": 87,
    "sum": 48119.0
  },
  "input_sequence_length": {
    "unit": "tokens",
    "avg": 46105.402298850575,
    "p1": 78.42,
    "p5": 2955.5,
    "p10": 9573.0,
    "p25": 16379.5,
    "p50": 28843.0,
    "p75": 50460.5,
    "p90": 130457.80000000016,
    "p95": 167514.2,
    "p99": 226178.30000000002,
    "min": 38.0,
    "max": 251673.0,
    "std": 52235.47580620114,
    "count": 87,
    "sum": 4011170.0
  },
  "output_token_count": {
    "unit": "tokens",
    "avg": 553.0919540229885,
    "p1": 8.0,
    "p5": 8.0,
    "p10": 8.0,
    "p25": 22.5,
    "p50": 39.0,
    "p75": 114.0,
    "p90": 491.0000000000001,
    "p95": 1041.2000000000014,
    "p99": 13772.76,
    "min": 8.0,
    "max": 14576.0,
    "std": 2328.4850515351436,
    "count": 87,
    "sum": 48119.0
  },
  "inter_chunk_latency": {
    "unit": "ms",
    "avg": 161.00251602980933,
    "p1": 0.0,
    "p5": 8.485693118754353,
    "p10": 8.722502034850546,
    "p25": 9.316439473180699,
    "p50": 19.040204633296756,
    "p75": 21.275140976322522,
    "p90": 37.17313616361518,
    "p95": 45.51637503584873,
    "p99": 70.49403268235586,
    "min": 0.0,
    "max": 102721.586188,
    "std": 3037.025196797396,
    "count": 47938,
    "sum": 7718138.613437
  },
  "total_output_tokens": {
    "unit": "tokens",
    "avg": 48119.0
  },
  "benchmark_duration": {
    "unit": "sec",
    "avg": 1122.2988061800002
  },
  "total_isl": {
    "unit": "tokens",
    "avg": 4011170.0
  },
  "total_osl": {
    "unit": "tokens",
    "avg": 48119.0
  },
  "error_request_count": {
    "unit": "requests",
    "avg": 3.0
  },
  "error_isl": {
    "unit": "tokens",
    "avg": 366794.6666666667,
    "p1": 298615.9,
    "p5": 306079.5,
    "p10": 315409.0,
    "p25": 343397.5,
    "p50": 390045.0,
    "p75": 401817.0,
    "p90": 408880.2,
    "p95": 411234.6,
    "p99": 413118.12,
    "min": 296750.0,
    "max": 413589.0,
    "std": 50453.09029407636,
    "count": 3,
    "sum": 1100384.0
  },
  "total_error_isl": {
    "unit": "tokens",
    "avg": 1100384.0
  },
  "telemetry_data": {
    "summary": {
      "endpoints_configured": [],
      "endpoints_successful": [],
      "start_time": "2026-06-05T11:30:39.461719",
      "end_time": "2026-06-05T11:49:23.852694"
    },
    "endpoints": {},
    "error_summary": []
  },
  "input_config": {
    "models": {
      "items": [
        {
          "name": "/model"
        }
      ]
    },
    "endpoint": {
      "urls": [
        "http://127.0.0.1:8000"
      ],
      "type": "chat",
      "streaming": true,
      "extra": {
        "ignore_eos": true,
        "nvext": {
          "agent_hints": {
            "speculative_prefill": true
          }
        }
      }
    },
    "datasets": [
      {
        "name": "main",
        "type": "file",
        "path": "/tmp/trace_highconc_no_hints.jsonl",
        "format": "mooncake_trace"
      }
    ],
    "phases": [
      {
        "name": "profiling",
        "type": "fixed_schedule",
        "requests": 90,
        "auto_offset": true
      }
    ],
    "artifacts": {
      "dir": "/root/davilu/dynamo-bench/spec2w_B",
      "records": [
        "jsonl"
      ],
      "auto_plot": false,
      "plot_required": false
    },
    "tokenizer": {
      "name": "Qwen/Qwen3-VL-8B-Instruct"
    },
    "gpu_telemetry": {
      "enabled": true
    },
    "server_metrics": {
      "enabled": true,
      "urls": [],
      "formats": [
        "json",
        "csv"
      ]
    },
    "otel": {},
    "mlflow": {},
    "runtime": {
      "ui": "none"
    }
  },
  "run_info": {
    "benchmark_id": "ae9b6c074a6f",
    "trial": 0,
    "cli_command": "aiperf profile --model '/model' --tokenizer '<redacted>' --endpoint-type 'chat' --streaming --url 'http://127.0.0.1:8000' --input-file '/tmp/trace_highconc_no_hints.jsonl' --custom-dataset-type 'mooncake_trace' --fixed-schedule --fixed-schedule-auto-offset --extra-inputs '{\"ignore_eos\": true, \"nvext\": {\"agent_hints\": {\"speculative_prefill\": true}}}' --artifact-dir '/root/davilu/dynamo-bench/spec2w_B'"
  },
  "was_cancelled": false,
  "error_summary": [
    {
      "error_details": {
        "code": 400,
        "type": "Bad Request",
        "message": "{\"message\":\"This model's maximum context length is 262144 tokens. However, your messages resulted in 296767 tokens. Please reduce the length of the messages.\",\"type\":\"Bad Request\",\"code\":400}"
      },
      "count": 1
    },
    {
      "error_details": {
        "code": 400,
        "type": "Bad Request",
        "message": "{\"message\":\"This model's maximum context length is 262144 tokens. However, your messages resulted in 413610 tokens. Please reduce the length of the messages.\",\"type\":\"Bad Request\",\"code\":400}"
      },
      "count": 1
    },
    {
      "error_details": {
        "code": 400,
        "type": "Bad Request",